References,Location,Sample number,Family,Species,Leaf life-span,Habitat,Photosynthetic pathway,Tissue,Extraction method,Solvent,Latitude (ºN),Longitude (ºE),Elevation (m),c.n.C27,c.n.C29,c.n.C31,c.n.C33,c.n.C35,d.n.C27,d.n.C29,d.n.C31,d.n.C33,d.n.C35
"Vogts et al., 2009",Gabon,,,Combretum conchipetalum,,RF,C3,Leaves,ASE ,DCM/MeOH 99:1,-3.01667,10.36667,,25.4,81,135,5.6,1.1,,-37.3,-36.2,,
"Vogts et al., 2009",Gabon,,,Combretum racemosum,,RF,C3,Leaves,ASE ,DCM/MeOH 99:1,1.27639,14.11917,,4.1,156,16,8.5,,,-38.7,-38.1,,
"Vogts et al., 2009",Gabon,,Celastraceae,Cuervea macrophylla,,RF,C3,Leaves,ASE ,DCM/MeOH 99:1,2.00972,14.11917,,2.8,88.6,93.1,6,,,-38.2,-38.7,,
"Vogts et al., 2009",Gabon,,,Landolphia mannii,,RF,C3,Leaves,ASE ,DCM/MeOH 99:1,-2.95056,10.35167,,31.2,237,97.5,12.9,3.4,,,,,
"Vogts et al., 2009",Gabon,,,Paullinia pinnata,,RF,C3,Leaves,ASE ,DCM/MeOH 99:1,1.02083,13.99333,,17.2,427,38,13.7,,,-39.7,-38.5,,
"Vogts et al., 2009",Gabon,,,Psychotria ealensis,,RF,C3,Leaves,ASE ,DCM/MeOH 99:1,1.02083,13.99333,,15.2,453,13,4.3,,,-35.5,-35.3,,
"Vogts et al., 2009",Gabon,,,Coffea sp.,,RF,C3,Leaves,ASE ,DCM/MeOH 99:1,-0.8,12.08333,,12.5,484,317,33.8,13.3,,-35.1,-34.6,,
"Vogts et al., 2009",Gabon,,,Combretum erosum,,RF,C3,Leaves,ASE ,DCM/MeOH 99:1,-0.68333,11.91667,,21.6,1,18.5,,,-33,-32.3,-32,,
"Vogts et al., 2009",Gabon,,,Combretum indicum,,RF,C3,Leaves,ASE ,DCM/MeOH 99:1,-2.98139,10.48806,,36.7,191,779,96,2.3,,-35.6,-36.1,-37,
"Vogts et al., 2009",Benin,,,Combretum indicum,,RF,C3,Leaves,ASE ,DCM/MeOH 99:1,7.03333,2.46667,,4.2,373,119,122,2.6,,-35.6,-36.1,-34,
"Vogts et al., 2009",Benin,,,Combretum indicum,,RF,C3,Leaves,ASE ,DCM/MeOH 99:1,6.08333,1.6,,22,22,538,61.9,1.2,-34.5,-36.7,-36.5,,
"Vogts et al., 2009",Benin,,,Combretum molle,,RF,C3,Leaves,ASE ,DCM/MeOH 99:1,10.06806,1.5525,,19.3,41.4,23.5,12.9,1,-31.9,-34.3,-35.7,,
"Vogts et al., 2009",Gabon,,,Englerina gabonensis,,RF,C3,Leaves,ASE ,DCM/MeOH 99:1,-3.01667,10.36667,,79.4,1933,38,,,,-42.2,,,
"Vogts et al., 2009",Congo,,,Ficus natalensis,,RF,C3,Leaves,ASE ,DCM/MeOH 99:1,1.36833,14.08417,,25.6,611,125,2.4,,,-38.8,,,
"Vogts et al., 2009",Benin,,,Ficus thonningii,,RF,C3,Leaves,ASE ,DCM/MeOH 99:1,10.13361,1.43583,,11.4,84.4,63.3,7.9,,,-37.8,-37.9,-37.9,
"Vogts et al., 2009",Gabon,,,Oxyanthus unilocularis,,RF,C3,Leaves,ASE ,DCM/MeOH 99:1,-2.93472,10.31861,,9.6,363,415,42.3,1.4,,-36.8,-37,-35.8,
"Vogts et al., 2009",Gabon,,,Stipularia africana,,RF,C3,Leaves,ASE ,DCM/MeOH 99:1,1.02083,13.99333,,9.2,19.5,31.2,9,,,-34.3,,,
"Vogts et al., 2009",Gabon,,,Berlinia confusa,,RF,C3,Leaves,ASE ,DCM/MeOH 99:1,-0.66667,13,,114.3,197,21,1.9,1.4,,-34.7,,,
"Vogts et al., 2009",Gabon,,,Cynometra mannii,,RF,C3,Leaves,ASE ,DCM/MeOH 99:1,-2.00306,10.43972,,13.4,343,29.2,1.9,,,-39.1,,,
"Vogts et al., 2009",Gabon,,,Ficus ottoniifolia,,RF,C3,Leaves,ASE ,DCM/MeOH 99:1,0.85,13.45,,11,124,76.2,6.5,0.1,,-44.9,-45.9,,
"Vogts et al., 2009",Burkina,,,Oncoba spinosa,,RF,C3,Leaves,ASE ,DCM/MeOH 99:1,12.23833,-1.56159,,,97.6,223,27.5,,,-38,-38.4,,
"Vogts et al., 2009",Gabon,,,Psychotria djumaensis,,RF,C3,Leaves,ASE ,DCM/MeOH 99:1,1.02083,13.99333,,16.3,359,53.2,1.7,,,-33.9,-33.1,,
"Vogts et al., 2009",Gabon,,,Treculia africana,,RF,C3,Leaves,ASE ,DCM/MeOH 99:1,-0.8,12.08333,,18.7,173,99.7,11.2,,,-38.1,-39.4,,
"Vogts et al., 2009",Gabon,,,Uapaca guineensis,,RF,C3,Leaves,ASE ,DCM/MeOH 99:1,-1.61833,10.70083,,2.3,75.9,141,32.6,2,,-39.3,-38.6,-37.2,
"Vogts et al., 2009",Sudan,,,Abutilon graveolens,,SV,C3,Whole Plant,ASE ,DCM/MeOH 99:1,12.86281,30.21764,,20.4,46.4,42.2,13.8,1.4,-33.4,-33.6,-34.4,-33.5,
"Vogts et al., 2009",Sudan,,,Achyrantes aspera,,SV,C3,Whole Plant,ASE ,DCM/MeOH 99:1,12.86281,30.21764,,10.1,24.9,47.4,1,5.2,,-32.2,-34.2,-35.9,
"Vogts et al., 2009",Sudan,,,Digeria muricata,,SV,C3,Whole Plant,ASE ,DCM/MeOH 99:1,12.86281,30.21764,,26,45.1,116,19.6,0.4,-37.9,-36.9,-37.7,-37.6,
"Vogts et al., 2009",Sudan,,,Heliotropium sp.,,SV,C3,Whole Plant,ASE ,DCM/MeOH 99:1,12.86281,30.21764,,15.1,51.9,36.6,32.3,2.1,-33.5,-36,-36.2,-36.2,
"Vogts et al., 2009",Sudan,,,Ipomoea cordofana,,SV,C3,Whole Plant,ASE ,DCM/MeOH 99:1,12.86281,30.21764,,13.9,21.1,9.4,13,19.2,-33.7,-34.6,-36.7,-37.1,
"Vogts et al., 2009",Sudan,,,Ocimum basilicum,,SV,C3,Whole Plant,ASE ,DCM/MeOH 99:1,12.86281,30.21764,,44.3,79.3,135.1,191.6,26.2,-30.3,-29.1,-31.8,-33.1,-28.2
"Vogts et al., 2009",Sudan,,,Vigna sp.,,SV,C3,Whole Plant,ASE ,DCM/MeOH 99:1,12.86281,30.21764,,14.3,3.3,83.9,62.7,1.1,-36.2,-36.6,-39.4,-38.4,
"Vogts et al., 2009",Sudan,,,Xanthium brasilicum Vell.,,SV,C3,Whole Plant,ASE ,DCM/MeOH 99:1,12.86281,30.21764,,33.6,7.5,51.6,13.5,1.5,,-33.7,-34.8,-34.7,
"Vogts et al., 2009",Namibia,,,Acacia mellifera,,SV,C3,Leaves,ASE ,DCM/MeOH 99:1,-20.41667,16.48333,,49.2,5,16,2.3,,-31.6,-32.6,-32.8,,
"Vogts et al., 2009",Namibia,,,Acacia nebrownii,,SV,C3,Leaves,ASE ,DCM/MeOH 99:1,-18.75,16.93333,,6.5,7.9,6.3,2.6,0.2,-30.6,-32.3,-33.9,,
"Vogts et al., 2009",Namibia,,,Catophractes alexandri,,SV,C3,Leaves,ASE ,DCM/MeOH 99:1,-18.48333,13.76667,,142.8,671,155,428,5,,-34,-34.6,,
"Vogts et al., 2009","Tanzania, Morogoro",,,Crassocephalum mannii,,SV,C3,Whole Plant,ASE ,DCM/MeOH 99:1,-6.8221,37.6616,,21.2,33.8,167,32.5,3.4,,-33.8,-35.1,-34.6,
"Vogts et al., 2009",Namibia,,,Dichrostachis cinera,,SV,C3,Leaves,ASE ,DCM/MeOH 99:1,-18.48333,13.76667,,11.1,28.8,68.9,2.4,1,-32.9,-33.8,-32.5,-31.6,
"Vogts et al., 2009",Namibia,,,Grewia flavescens,,SV,C3,Leaves,ASE ,DCM/MeOH 99:1,-20.41667,16.48333,,51,1494,1145,55.5,,,-36.1,-35.4,,
"Vogts et al., 2009",Namibia,,,Grewia flavescens,,SV,C3,Leaves,ASE ,DCM/MeOH 99:1,-18.48333,13.76667,,22.3,435,598,47,4.1,,-35.7,-37,-35.5,
"Vogts et al., 2009",Namibia,,,Gymnosporia buxifolia,,SV,C3,Leaves,ASE ,DCM/MeOH 99:1,-20.41667,16.48333,,22.1,46.5,112,34.9,2,-35.3,-33.9,-33.1,-32.8,
"Vogts et al., 2009",Namibia,,,Salvadora persica,,SV,C3,Leaves,ASE ,DCM/MeOH 99:1,-22.7,14.95,,4.4,7.4,14.3,1.9,0.3,-34.3,-36.3,-35.5,-34.1,
"Vogts et al., 2009",Namibia,,,Acacia erioloba,,SV,C3,Leaves,ASE ,DCM/MeOH 99:1,-22.7,14.95,,39.2,47.4,12.1,4.3,,-34.4,-34.6,-36.3,-34.8,
"Vogts et al., 2009",Namibia,,,Acacia karroo,,SV,C3,Leaves,ASE ,DCM/MeOH 99:1,-20.41667,16.48333,,15.8,42,11.9,0.6,0.1,-32.3,-32.2,-33.7,,
"Vogts et al., 2009",Namibia,,,Acacia kirkii,,SV,C3,Leaves,ASE ,DCM/MeOH 99:1,-18.48333,13.76667,,13.7,47.5,176,59.8,,,-35.5,-37.1,-37.1,
"Vogts et al., 2009",Namibia,,,Acacia luederitzii,,SV,C3,Leaves,ASE ,DCM/MeOH 99:1,-20.41667,16.48333,,16.5,8.1,28.9,3.4,,-31.4,-31.3,-30.1,-31.4,
"Vogts et al., 2009",Sudan,,,Acacia mellifera,,SV,C3,Leaves,ASE ,DCM/MeOH 99:1,12.86281,30.21764,,62.8,4,53.1,15.8,,-32.6,-33.6,-33,,
"Vogts et al., 2009","Sudan, Hashab",,,Acacia senegal,,SV,C3,Leaves,ASE ,DCM/MeOH 99:1,13.36667,25.46667,,21.4,7.8,42.3,1.1,0.5,-34.5,-32.3,-34.9,-35.2,
"Vogts et al., 2009",Namibia,,,Adansonia digitata,,SV,C3,Leaves,ASE ,DCM/MeOH 99:1,-18.48333,13.76667,,83.9,154,325,153,8,-35.3,-36,-36,-37,
"Vogts et al., 2009",Namibia,,,Albizia anthelmintica,,SV,C3,Leaves,ASE ,DCM/MeOH 99:1,-20.41667,16.48333,,12,129,7,,,-33,-33.5,,,
"Vogts et al., 2009","Sudan, Higlig",,,Balanites aegyptiaca,,SV,C3,Leaves,ASE ,DCM/MeOH 99:1,12.86281,30.21764,,15,12.7,6.5,1.6,0.2,-30.8,-31.5,-31.8,,
"Vogts et al., 2009",Namibia,,,Boscia albitrunca,,SV,C3,Leaves,ASE ,DCM/MeOH 99:1,-20.41667,16.48333,,24.9,5.8,,,,,,,,
"Vogts et al., 2009",Namibia,,,Boscia foetida,,SV,C3,Leaves,ASE ,DCM/MeOH 99:1,-20.41667,16.48333,,23.3,132,97.5,12.8,1.9,,-34.3,-30.9,-32.8,
"Vogts et al., 2009",Namibia,,,Burkea africana,,SV,C3,Leaves,ASE ,DCM/MeOH 99:1,-18.48333,13.76667,,38.1,72.1,765,742,1.2,,,-36,-36,
"Vogts et al., 2009",Namibia,,,Colophospermum mopane,,SV,C3,Leaves,ASE ,DCM/MeOH 99:1,-18.75,16.93333,,34.2,32.7,242,193,2,-29.3,-30.1,-30.6,-30.9,
"Vogts et al., 2009",Namibia,,,Colophospermum mopane,,SV,C3,Leaves,ASE ,DCM/MeOH 99:1,-18.48333,13.76667,,6.6,5.5,28,23.9,1.7,,-31.9,-32.3,-30.4,
"Vogts et al., 2009",Namibia,,,Combretum apiculatum,,SV,C3,Leaves,ASE ,DCM/MeOH 99:1,-18.48333,13.76667,,6.9,9.5,39.2,15,0.2,,,-34.7,-34.8,
"Vogts et al., 2009",Namibia,,,Combretum imberbe,,SV,C3,Leaves,ASE ,DCM/MeOH 99:1,-18.75,16.93333,,14.8,25.1,7.5,1.3,0.2,-28.9,-32.1,-33.1,,
"Vogts et al., 2009",Namibia,,,Commiphora glaucescens,,SV,C3,Leaves,ASE ,DCM/MeOH 99:1,-18.48333,13.76667,,33.2,5.9,182,7.3,8.4,-30.4,-30.9,-30.1,-30.1,-29.4
"Vogts et al., 2009",Namibia,,,Commiphora merkeri,,SV,C3,Leaves,ASE ,DCM/MeOH 99:1,-18.48333,13.76667,,5.8,11.9,2.4,5.9,0.5,-36,-37.7,-37.7,-36.3,
"Vogts et al., 2009",Namibia,,,Euclea pseudebenus,,SV,C3,Leaves,ASE ,DCM/MeOH 99:1,-22.7,14.95,,10.2,41,152,798,3.5,,,-31,-30.2,
"Vogts et al., 2009",Namibia,,,Faidherbia albida,,SV,C3,Leaves,ASE ,DCM/MeOH 99:1,-22.7,14.95,,4.2,1.8,0.5,0.2,,-33.2,-31.9,,,
"Vogts et al., 2009","Tanzania, Morogoro",,,Leucaena leucocephala,,SV,C3,Leaves,ASE ,DCM/MeOH 99:1,-6.8221,37.6616,,13.6,33.9,17.2,2.1,,-32.4,-36.9,-33.6,,
"Vogts et al., 2009","Tanzania, Morogoro",,,Morus alba,,SV,C3,Leaves,ASE ,DCM/MeOH 99:1,-6.8221,37.6616,,22.5,46,166,65.9,0.4,-35.5,-35.5,-37.4,-38.1,
"Vogts et al., 2009",Namibia,,,Sclerocarya birrea,,SV,C3,Leaves,ASE ,DCM/MeOH 99:1,-18.48333,13.76667,,217.1,484,377,94.4,8.8,-31.4,-31.7,-31.7,,
"Vogts et al., 2009","Tanzania, Morogoro",,,Sesbania sesban,,SV,C3,Leaves,ASE ,DCM/MeOH 99:1,-6.8221,37.6616,,18.2,16.8,7.7,3.6,0.3,-34.9,-36.3,-37.1,-33.5,
"Vogts et al., 2009",Namibia,,,Tamarix usneoides,,SV,C3,Leaves,ASE ,DCM/MeOH 99:1,-22.7,14.95,,7.4,26,69.4,3.5,,-28.9,-28.1,-27.4,,
"Vogts et al., 2009",Namibia,,,Terminalia prunioides,,SV,C3,Leaves,ASE ,DCM/MeOH 99:1,-18.48333,13.76667,,34.5,143,67.5,5.5,0.4,-31.8,-33,-36.2,,
"Vogts et al., 2009",Namibia,,,Ziziphus mucronata,,SV,C3,Leaves,ASE ,DCM/MeOH 99:1,-18.48333,13.76667,,17.3,8.7,8.5,2.9,1.7,-32.6,-29.9,-33.8,-34.4,
"Vogts et al., 2009",Sudan,,,Ziziphus spina-christi,,SV,C3,Leaves,ASE ,DCM/MeOH 99:1,12.86281,30.21764,,13.1,12.9,13.6,11.7,2.3,-32.3,-32.3,-35,-35.4,-35.5
"Rammerskirchen et al., 2006",Namibia,,Poaceae,Aristida adscensionis,,GR,C4,Leaves,ASE ,DCM/MeOH 99:1,-22.8,17.1,,17.8,63.3,411.1,8.4,,-29,-24.9,-25.3,-23.8,
"Rammerskirchen et al., 2006",Zimbabwe,,Poaceae,Aristida barbicollis,,GR,C4,Leaves,ASE ,DCM/MeOH 99:1,-20.3,28.5,,13,3.3,112.2,49.4,6.9,-20,-21.4,-23.9,-22.1,-21.2
"Rammerskirchen et al., 2006",Namibia,,Poaceae,Aristida congesta,,GR,C4,Leaves,ASE ,DCM/MeOH 99:1,-22.8,17.1,,19.4,5.5,225.5,62.8,6.8,-20.4,-22.9,-24.3,-24,-24.2
"Rammerskirchen et al., 2006",Zimbabwe,,Poaceae,Aristida gracili?ora,,GR,C4,Leaves,ASE ,DCM/MeOH 99:1,-20.3,28.5,,4.6,45.1,23.6,44.2,3.4,-25.6,-23.9,-24.1,-23.9,
"Rammerskirchen et al., 2006",Zimbabwe,,Poaceae,Aristida meridionalis,,GR,C4,Leaves,ASE ,DCM/MeOH 99:1,-20.3,28.5,,17.2,27.4,44.9,12.4,1,-21.4,-22.4,-22.8,-22.4,
"Rammerskirchen et al., 2006",Namibia,,Poaceae,Aristida meridionalis,,GR,C4,Leaves,ASE ,DCM/MeOH 99:1,-22.8,17.1,,26.9,31.7,62.3,21.4,1.3,-20.8,-21.4,-21.9,-22.7,
"Rammerskirchen et al., 2006",Namibia,,Aristidoideae,Stipagrostis ciliata,,GR,C4,Leaves,ASE ,DCM/MeOH 99:1,-22.8,17.1,,4.3,8.1,69.3,25.2,1,-24.7,-21.7,-19.8,-20.7,
"Rammerskirchen et al., 2006",Namibia,,Aristidoideae,Stipagrostis hirtigluma,,GR,C4,Leaves,ASE ,DCM/MeOH 99:1,-22.8,17.1,,87.2,156.1,593.9,162.3,11.3,-25.3,-25,-23.2,-24,
"Rammerskirchen et al., 2006",Namibia,,Aristidoideae,Stipagrostis uniplumis,,GR,C4,Leaves,ASE ,DCM/MeOH 99:1,-22.8,17.1,,18.7,41.4,1.8,16.5,1.5,-23.2,-24.5,-25.9,-24,
"Rammerskirchen et al., 2006",Zimbabwe,,Chloridoideae,Chloris gayana,,GR,C4,Leaves,ASE ,DCM/MeOH 99:1,-20.3,28.5,,20.6,35.3,188.3,287.6,63.4,-23,-22.5,-23.4,-24.9,-24
"Rammerskirchen et al., 2006",Zimbabwe,,Chloridoideae,Chloris virgata,,GR,C4,Leaves,ASE ,DCM/MeOH 99:1,-20.3,28.5,,17.8,27.5,42.2,51.9,22.1,-20.3,-19.6,-20.2,-21.1,-21.9
"Rammerskirchen et al., 2006",Namibia,,Chloridoideae,Chloris virgata,,GR,C4,Leaves,ASE ,DCM/MeOH 99:1,-22.8,17.1,,13.8,15.1,26.4,16.2,14,-24.2,-20.6,-21.7,-21.1,-20.9
"Rammerskirchen et al., 2006",Namibia,,Chloridoideae,Enneapogon sp.,,GR,C4,Leaves,ASE ,DCM/MeOH 99:1,-22.8,17.1,,30.5,69.8,352.4,47.9,79.8,-22.3,-23,-22.7,-22.5,-23.2
"Rammerskirchen et al., 2006",Zimbabwe,,Chloridoideae,Enneapogon cenchroides,,GR,C4,Leaves,ASE ,DCM/MeOH 99:1,-20.3,28.5,,9.4,3.4,215.4,2.1,21.2,-19.5,-19.4,-20.9,-22.7,-23.7
"Rammerskirchen et al., 2006",Namibia,,Chloridoideae,Enneapogon cenchroides,,GR,C4,Leaves,ASE ,DCM/MeOH 99:1,-22.8,17.1,,14.9,21.9,13.6,32.7,3.1,-19.5,-18.3,-20.1,-20.1,
"Rammerskirchen et al., 2006",Namibia,,Chloridoideae,Eragrostis nindensis,,GR,C4,Leaves,ASE ,DCM/MeOH 99:1,-22.8,17.1,,12.1,14.9,33.7,29.3,5.2,-24.4,-22.7,-24.6,-24,
"Rammerskirchen et al., 2006",Zimbabwe,,Chloridoideae,Eragrostis superba,,GR,C4,Leaves,ASE ,DCM/MeOH 99:1,-20.3,28.5,,60.2,44.7,42.1,54.7,14.5,-20.4,-20.8,-21.8,-22.7,-23
"Rammerskirchen et al., 2006",Sudan,,Chloridoideae,Eragrostis tremula,,GR,C4,Leaves,ASE ,DCM/MeOH 99:1,8.38,30.8,,17.1,41.8,178.4,78.2,8,-24,-25.1,-25.9,-26.3,-26.4
"Rammerskirchen et al., 2006",Zimbabwe,,Chloridoideae,Eragrostis violacea de winter,,GR,C4,Leaves,ASE ,DCM/MeOH 99:1,-20.3,28.5,,25.5,31.7,14,76.8,8.4,-18,-18.1,-19.6,-19.2,-19.3
"Rammerskirchen et al., 2006",Zimbabwe,,Chloridoideae,Eragrostis viscosa,,GR,C4,Leaves,ASE ,DCM/MeOH 99:1,-20.3,28.5,,79.5,149.1,139.4,77.7,7.1,-20,-19.6,-21.8,-22.4,-21.8
"Rammerskirchen et al., 2006",Namibia,,Chloridoideae,Schmidtia kalahariensis,,GR,C4,Leaves,ASE ,DCM/MeOH 99:1,-22.8,17.1,,61.6,35.6,225.6,85.6,166.9,-21.8,-22,-22.9,-20.5,-21.3
"Rammerskirchen et al., 2006",Zimbabwe,,Chloridoideae,Sporobolus ioclados,,GR,C4,Leaves,ASE ,DCM/MeOH 99:1,-20.3,28.5,,28,41.3,116.5,119.6,16.8,-19.9,-21.8,-22.4,-22,-21.8
"Rammerskirchen et al., 2006",Zimbabwe,,Chloridoideae,Sporobolus pyramidalis,,GR,C4,Leaves,ASE ,DCM/MeOH 99:1,-20.3,28.5,,66.6,95.8,185.2,222.4,41.1,-21.2,-22,-22.1,-22.7,-23.8
"Rammerskirchen et al., 2006",Zimbabwe,,Panicoideae,Bothriochloa insculpta,,GR,C4,Leaves,ASE ,DCM/MeOH 99:1,-20.3,28.5,,20.7,24.5,39.5,18.5,2.4,-18,-19.2,-18.7,-18.6,
"Rammerskirchen et al., 2006",Zimbabwe,,Panicoideae,Brachiaria erucitormis,,GR,C4,Leaves,ASE ,DCM/MeOH 99:1,-20.3,28.5,,3.9,8.1,34.1,64.2,2.9,-21.9,-20.4,-20.9,-20.3,
"Rammerskirchen et al., 2006",Zimbabwe,,Panicoideae,Digitaria milanjiana,,GR,C4,Leaves,ASE ,DCM/MeOH 99:1,-20.3,28.5,,18.4,44.2,12.6,113.9,36.1,-20.5,-18.9,-19.5,-19.7,-20.4
"Rammerskirchen et al., 2006",Zimbabwe,,Panicoideae,Hyparrhenia ?lipendula,,GR,C4,Leaves,ASE ,DCM/MeOH 99:1,-20.3,28.5,,37.7,43.6,183.1,265.6,59.4,-21.5,-21.9,-21.9,-22.8,-23
"Rammerskirchen et al., 2006",Zimbabwe,,Panicoideae,Loudetias implex,,GR,C4,Leaves,ASE ,DCM/MeOH 99:1,-20.3,28.5,,8.6,23.2,76.1,41.3,9.9,-19.8,-18.6,-18.2,-20,-22
"Rammerskirchen et al., 2006",Namibia,,Panicoideae,Panicum sp.,,GR,C4,Leaves,ASE ,DCM/MeOH 99:1,-22.8,17.1,,39.7,68.2,145.1,236.1,117.2,-22.2,-22.6,-23,-22.7,-22.3
"Rammerskirchen et al., 2006",Namibia,,Panicoideae,Panicum arbusculum,,GR,C4,Leaves,ASE ,DCM/MeOH 99:1,-22.8,17.1,,12.1,2.7,146.3,357,95.7,-24.1,-22,-24,-21.4,-21.6
"Rammerskirchen et al., 2006",Zimbabwe,,Panicoideae,Panicum maximum,,GR,C4,Leaves,ASE ,DCM/MeOH 99:1,-20.3,28.5,,36.2,51.1,81.9,24.5,2.4,-20,-20.8,-19.4,-23.3,
"Rammerskirchen et al., 2006",Namibia,,Panicoideae,Panicum maximum,,GR,C4,Leaves,ASE ,DCM/MeOH 99:1,-22.8,17.1,,15.1,4.5,84.4,34.4,2.4,-24.7,-24.2,-24.5,-24.8,
"Rammerskirchen et al., 2006",Zimbabwe,,Panicoideae,Themeda triandra,,GR,C4,Leaves,ASE ,DCM/MeOH 99:1,-20.3,28.5,,35.2,25.2,69.2,33.6,4.8,-18.7,-21.3,-19.6,-20,-20.5
"Bezabih et al., 2011",Ethiopia,,,Cynodon dactaylon,,GR,C4,Leaves,Soxhlet,heptane,7.5,38.58333,,64,67,153,186,198,-22.93,-23.9,-22.7,-23.4,-23.66
"Bezabih et al., 2011",Ethiopia,,,Pennisetum straminium,,GR,C4,Leaves,Soxhlet,heptane,7.5,38.58333,,40,13,596,126,64,-20.69,-20.6,-20.1,-21.4,-21.71
"Bezabih et al., 2011",Ethiopia,,,Cenchrus ciliaris,,GR,C4,Leaves,Soxhlet,heptane,7.5,38.58333,,39,88,391,282,21,-20.85,-21.1,-21.8,-21.9,-22.87
"Bezabih et al., 2011",Ehiopia,,,Cymbopogon pospischilii,,GR,C4,Leaves,Soxhlet,heptane,7.5,38.58333,,86,132,158,4,9,-20.61,-20.4,-20.8,-22.6,-22.3
"Bezabih et al., 2011",Ethiopia,,,Indigofera spicata,,SV,C3,Leaves,Soxhlet,heptane,7.5,38.58333,,23,76,22,2,6,-32.27,-36.6,-37.4,-33.8,-34.58
"Bezabih et al., 2011",Ethiopia,,,Heteropogon contorus,,GR,C4,Leaves,Soxhlet,heptane,7.5,38.58333,,68,46,266,238,98,-19.46,-20.1,-20.5,-21.1,-21.94
"Bezabih et al., 2011",Ehiopia,,,Zaleya pentandra,,GR,C4,Leaves,Soxhlet,heptane,7.5,38.58333,,14,35,1265,29,1,-25.67,-25.1,-21.1,-24.1,-25.22
"Bezabih et al., 2011",Ethiopia,,,Chloris gayana,,GR,C4,Leaves,Soxhlet,heptane,7.5,38.58333,,116,125,318,258,165,-21.37,-21.6,-21.1,-22.3,-22.91
"Bezabih et al., 2011",Ethiopia,,,Eragrostis aspera,,GR,C4,Leaves,Soxhlet,heptane,7.5,38.58333,,37,38,33,17,18,-21.09,-22.1,-22,-24.5,-23.15
"Bezabih et al., 2011",Ehiopia,,,Eragrostis cilianensis,,GR,C4,Leaves,Soxhlet,heptane,7.5,38.58333,,58,75,185,192,75,-21.86,-22.3,-23.3,-24.3,-25.72
"Bezabih et al., 2011",Ethiopia,,,Cynodon ethiopicus,,GR,C4,Leaves,Soxhlet,heptane,7.5,38.58333,,58,13,196,19,132,-23.44,-23.4,-22.2,-22.6,-23.71
"Bezabih et al., 2011",Ethiopia,,,Eleusine mutiflora,,GR,C4,Leaves,Soxhlet,heptane,7.5,38.58333,,59,75,186,17,51,-22.25,-23.1,-23.7,-25,-25.57
"Bezabih et al., 2011",Ehiopia,,,Brachiaria lachnantha,,GR,C4,Leaves,Soxhlet,heptane,7.5,38.58333,,30,45,129,171,158,-20.81,-21.9,-21.3,-22.9,-21.49
"Bezabih et al., 2011",Ethiopia,,,Aristida odscensionis,,GR,C4,Leaves,Soxhlet,heptane,7.5,38.58333,,31,81,225,13,32,-22.49,-22.7,-22.7,-23.3,-23.3
"Bezabih et al., 2011",Ethiopia,,,Bracheria marlothi,,GR,C4,Leaves,Soxhlet,heptane,7.5,38.58333,,429,281,174,72,23,-20.72,-21.4,-22.5,-26.4,-22.4
"Bezabih et al., 2011",Ehiopia,,,Sporobolus pellucisus,,GR,C4,Leaves,Soxhlet,heptane,7.5,38.58333,,262,227,397,3,12,-21.05,-21.5,-22.5,-24.2,-24.4
"Bezabih et al., 2011",Ethiopia,,,Dactyloctenium aegyptium,,GR,C4,Leaves,Soxhlet,heptane,7.5,38.58333,,84,86,313,28,33,-21.94,-23.1,-22.5,-23.6,-24.79
"Bezabih et al., 2011",Ethiopia,,,Digitaria abyssinica,,GR,C4,Leaves,Soxhlet,heptane,7.5,38.58333,,74,159,278,117,32,-19.37,-19.8,-19.7,-22.1,-22.46
"Bezabih et al., 2011",Ehiopia,,,Pennisetum polystachion,,GR,C4,Leaves,Soxhlet,heptane,7.5,38.58333,,40,36,73,13,7,-22.52,-23,-23.8,-27.2,-23.7
"Bezabih et al., 2011",Ethiopia,,,Hyparrhenia anamesa,,GR,C4,Leaves,Soxhlet,heptane,7.5,38.58333,,48,57,233,62,25,-20.12,-19.8,-20,-21.7,-22.42
"Bezabih et al., 2011",Ethiopia,,,Snowdenia petitiana,,GR,C4,Leaves,Soxhlet,heptane,7.5,38.58333,,28,81,245,16,84,-21.97,-23.1,-23.7,-25.2,-24.58
"Bezabih et al., 2011",Ehiopia,,,Rhynchelytrum repens,,GR,C4,Leaves,Soxhlet,heptane,7.5,38.58333,,91,76,356,363,91,-21.7,-22.6,-23,-23.5,-24.55
"Bezabih et al., 2011",Ethiopia,,,Melinis repens,,GR,C4,Leaves,Soxhlet,heptane,7.5,38.58333,,78,54,127,14,53,-20.92,-21.9,-21.3,-21.8,-23.34
"Garcin et al., 2014","Cameroon, Mora",MORA PL1,Hypericaceae,Harungana madagascariensis Lam. ex. Poiret, E,SV,C3,Leaves,Ultrasonic,DCM/MeOH 9:1,,,,25,11,24,0.4,,-28.4,-28.7,-29.1,,
"Garcin et al., 2014","Cameroon, Rhumsiki",RHUM PL5,Meliaceae,Azadirachta indica A., E,SV,C3,Leaves,Ultrasonic,DCM/MeOH 9:1,,,,19,23,41,9,,-30.9,-32.1,-34.2,-33.1,
"Garcin et al., 2014","Cameroon, Debundscha",DEBU PL6,Begoniaceae,Begonia ampla Hook. F.,,RF,C3,Leaves,Ultrasonic,DCM/MeOH 9:1,,,,1.5,9.5,22,3.8,,-38.8,-41.1,-42.2,-42.4,
"Garcin et al., 2014","Cameroon, Barombi Mbo",BARO PL7,Caesalpiniaceae,Berlinia sp., SD/E,RF,C3,Leaves,Ultrasonic,DCM/MeOH 9:1,,,,1.2,74,84,9.7,,-37.3,-38.1,-39.1,-39.3,
"Garcin et al., 2014","Cameroon, Ossa",OSSA PL6,Sapindaceae,Blighia sp., SD/E,RF,C3,Leaves,Ultrasonic,DCM/MeOH 9:1,,,,0.1,13,18,1.1,,-34.1,-42.5,-42.8,-40.5,
"Garcin et al., 2014","Cameroon, Mamguiewa",MAMG PL4,Euphorbiaceae,Bridelia ferruginea Benth., D,SV,C3,Leaves,Ultrasonic,DCM/MeOH 9:1,,,,7.1,29,4,8.6,,-33.6,-34.4,-36.6,-37.4,
"Garcin et al., 2014","Cameroon, Rhumsiki",RHUM PL4,Caesalpiniaceae,Cassia siamea Lam., E,SV,C3,Leaves,Ultrasonic,DCM/MeOH 9:1,,,,36,69,2,0.8,,-34.7,-36,-36.8,-36.8,
"Garcin et al., 2014","Cameroon, Barombi Mbo",BARO PL3,Moraceae,Cecropia peltata L., E,RF,C3,Leaves,Ultrasonic,DCM/MeOH 9:1,,,,1.8,83,27,14,,-37.8,-39,-39.7,-39.8,
"Garcin et al., 2014","Cameroon, Mamguiewa",MAMG PL2,Caesalpiniaceae,Piliostigma thonningii (Schum.) Milne-Redh., D,SV,C3,Leaves,Ultrasonic,DCM/MeOH 9:1,,,,70,11,91,0.8,,-33.6,-32.9,-32.4,,
"Garcin et al., 2014","Cameroon, Manengouba",MANE PL1,Cyperaceae,Cyperus atroviridis C. D. Cl,,GR,C4,Leaves,Ultrasonic,DCM/MeOH 9:1,,,,0.8,1.2,3.4,3.2,,-19.4,-20.2,-20.1,-20,
"Garcin et al., 2014","Cameroon, Mamguiewa",MAMG PL6,Rubiaceae,Sarcocephalus latifolius (Smith.) Bruce, E,SV,C3,Leaves,Ultrasonic,DCM/MeOH 9:1,,,,12,69,1,1.4,,-32.5,-33.5,-34.3,,
"Garcin et al., 2014","Cameroon, Tizong",TIZO PL9,Cyperaceae,Cyperus koyaliensis Cherm.,,GR,C4,Leaves,Ultrasonic,DCM/MeOH 9:1,,,,28,1.7,3.3,3.5,,-22.7,-24.1,-22.1,-21.3,
"Garcin et al., 2014","Cameroon, Tabéré",TABE PL3,Cyperaceae,Cyperus koyaliensis Cherm.,,GR,C4,Leaves,Ultrasonic,DCM/MeOH 9:1,,,,1.1,2.5,5.3,8.9,,-21.5,-20.6,-19.2,-18.4,
"Garcin et al., 2014","Cameroon, Tizong",TIZO PL7,Caesalpiniaceae,Lophira lanceolata Tiegh. ex Keay, D,SV,C3,Leaves,Ultrasonic,DCM/MeOH 9:1,,,,130,33,2,0.5,,-35.7,-34.8,-32.5,,
"Garcin et al., 2014","Cameroon, Mora",MORA PL7,Poaceae,Digitaria horizontalis Willd.,,GR,C4,Leaves,Ultrasonic,DCM/MeOH 9:1,,,,44,86,14,1,,-17.1,-17.5,-17.9,-18.3,
"Garcin et al., 2014","Cameroon, Tizong",TIZO PL10,Poaceae,Digitaria horizontalis Willd.,,GR,C4,Leaves,Ultrasonic,DCM/MeOH 9:1,,,,0.9,17,38,18,,-21.3,-21.3,-20.5,-20.4,
"Garcin et al., 2014","Cameroon, Debundscha",DEBU PL4,Dracaenaceae,Dracaena aubryana Brongn. ex C.J.Morren,,RF,C3,Leaves,Ultrasonic,DCM/MeOH 9:1,,,,0.4,16,66,17,,-39.5,-40.5,-42.1,-42.9,
"Garcin et al., 2014","Cameroon, Tabéré",TABE PL5,Hypericaceae,Harungana madagascariensis Lam. ex. Poiret, E,SV,C3,Leaves,Ultrasonic,DCM/MeOH 9:1,,,,0.7,9,3.5,0.1,,-32.9,-35.7,-34.8,,
"Garcin et al., 2014","Cameroon, Manengouba",MANE PL4,Poaceae,Eragrostis sp.,,GR,C4,Leaves,Ultrasonic,DCM/MeOH 9:1,,,,2.1,57,85,54,,-21.2,-21,-19.8,-19,
"Garcin et al., 2014","Cameroon, Ossa",OSSA PL2,Caesalpiniaceae,Guibourtia demeusei (Harms) J. Leonard, E,RF,C3,Leaves,Ultrasonic,DCM/MeOH 9:1,,,,2.2,1,99,6.5,,-42.1,-42.8,-43.5,-43.6,
"Garcin et al., 2014","Cameroon, Assom",ASSO PL2,Hypericaceae,Harungana madagascariensis Lam. ex. Poiret, E,SV,C3,Leaves,Ultrasonic,DCM/MeOH 9:1,,,,1,23,15,0.5,,-30.1,-36.3,-34.5,-27.1,
"Garcin et al., 2014","Cameroon, Assom",ASSO PL8,Poaceae,Hyparrhenia familiaris (Steud.) Stapf.,,GR,C4,Leaves,Ultrasonic,DCM/MeOH 9:1,,,,9.1,2,39,26,,-18.3,-19,-19.5,-20.1,
"Garcin et al., 2014","Cameroon, Assom",ASSO PL5,Combretaceae,Terminalia glaucescens Planch. ex Benth., D,SV,C3,Leaves,Ultrasonic,DCM/MeOH 9:1,,,,94,15,11,2.1,,-31.6,-31.4,-31.6,,
"Garcin et al., 2014","Cameroon, Assom",ASSO PL7,Annonaceae,Annona senegalensis Pers., D,SV,C3,Leaves,Ultrasonic,DCM/MeOH 9:1,,,,18,6,9.9,0.1,,-30.1,-30,-29.9,,
"Garcin et al., 2014","Cameroon, Manengouba",MANE PL12,Myricaceae,Morella arborea (Hutch.). Cheek, E,RF,C3,Leaves,Ultrasonic,DCM/MeOH 9:1,,,,31,59,51,2.8,,-35.2,-33.3,-32.5,-32.2,
"Garcin et al., 2014","Cameroon, Mamguiewa",MAMG PL7,Poaceae,Paspalum scorbiculatum Linn.,,GR,C4,Leaves,Ultrasonic,DCM/MeOH 9:1,,,,7.1,13,61,68,,-19.6,-20.6,-20.1,-20.4,
"Garcin et al., 2014","Cameroon, Baleng",BALE PL2,Meliaceae,Trichilia rubescens Oliv., E,RF,C3,Leaves,Ultrasonic,DCM/MeOH 9:1,,,,3.6,17,41,1.4,,-41.1,-42.1,-42.2,,
"Garcin et al., 2014","Cameroon, Baleng",BALE PL3,Verbenaceae,Vitex grandifolia Gürke, E,RF,C3,Leaves,Ultrasonic,DCM/MeOH 9:1,,,,0.6,5.5,25,21,,-33.3,-36,-37.2,,
"Garcin et al., 2014","Cameroon, Baleng",BALE PL6,Poaceae,Pennisetum purpureum Schumach.,,GR,C4,Leaves,Ultrasonic,DCM/MeOH 9:1,,,,28,91,61,63,,-17.9,-18.2,-18.7,-18.8,
"Garcin et al., 2014","Cameroon, Rhumsiki",RHUM PL7,Poaceae,Pennisetum ramosum (Hochst.) Schweinf.,,GR,C4,Leaves,Ultrasonic,DCM/MeOH 9:1,,,,6,67,11,81,,-18.5,-18.7,-18.8,-18.6,
"Garcin et al., 2014","Cameroon, Mora",MORA PL5,Caesalpiniaceae,Piliostigma thonningii (Schum.) Milne-Redh., D,SV,C3,Leaves,Ultrasonic,DCM/MeOH 9:1,,,,4.1,2,21,0.6,,-31.4,-31,-31.1,-34.3,
"Garcin et al., 2014","Cameroon, Manengouba",MANE PL10,Monimiaceae,Xymalos monospora (Harv.) Baill. ex Warb. , E,RF,C3,Leaves,Ultrasonic,DCM/MeOH 9:1,,,,3.9,22,7.4,0.1,,-35.4,-35.8,-35.9,,
"Garcin et al., 2014","Cameroon, Mora",MORA PL3,Cyperaceae,Schoenoplectus oxyjulos (S.S. Hooper) J.Raynal,,SV,C3,Leaves,Ultrasonic,DCM/MeOH 9:1,,,,0.7,1.9,5.5,2.3,,-33.2,-34.5,-37.5,-36.2,
"Garcin et al., 2014","Cameroon, Ossa",OSSA PL4,Cyperaceae,Scleria foliosa Hochst ex. A. Rich.,,RF,C3,Leaves,Ultrasonic,DCM/MeOH 9:1,,,,1,1.6,1.4,0.5,,-37.6,-39.2,-42.3,-41.9,
"Garcin et al., 2014","Cameroon, Rhumsiki",RHUM PL1,Poaceae,Setaria sp.,,SV,C3,Leaves,Ultrasonic,DCM/MeOH 9:1,,,,10,14,11,7.5,,-34.8,-35.1,-34.9,-35.2,
"Garcin et al., 2014","Cameroon, Debundscha",DEBU PL3,Olacaceae,Strombosia pustulata Oliv., E,RF,C3,Leaves,Ultrasonic,DCM/MeOH 9:1,,,,1.2,71,37,25,,-37.4,-38.4,-38.8,-38.9,
"Garcin et al., 2014","Cameroon, Ossa",OSSA PL1,Sapotaceae,Synsepalum brevipes (Baker) T.D. Penn., E,RF,C3,Leaves,Ultrasonic,DCM/MeOH 9:1,,,,0.3,1.9,0.8,0.6,,-34.7,-40.3,-38.6,-37.5,
"Garcin et al., 2014","Cameroon, Assom",ASSO PL1,Myrtaceae,Syzygium guineense (Willd.) DC var. guineense, E,SV,C3,Leaves,Ultrasonic,DCM/MeOH 9:1,,,,28,27,51,2.4,,-38.5,-38.5,-37.7,-36.1,
"Garcin et al., 2014","Cameroon, Tabéré",TABE PL8,Combretaceae,Terminalia glaucescens Planch. ex Benth., D,SV,C3,Leaves,Ultrasonic,DCM/MeOH 9:1,,,,16,16,12,12,,-40.9,-41.6,-42.2,-42.4,
"Garcin et al., 2014","Cameroon, Tizong",TIZO PL3,Combretaceae,Terminalia glaucescens Planchon., D,SV,C3,Leaves,Ultrasonic,DCM/MeOH 9:1,,,,5.8,24,63,28,,-35.2,-35.3,-35.4,-35.5,
"Garcin et al., 2014","Cameroon, Tabéré",TABE PL6,Asteraceae,Tithonia diversifolia (Hemsl.) A. Gray,,SV,C3,Leaves,Ultrasonic,DCM/MeOH 9:1,,,,11,75,13,2,,-38.9,-38.8,-38.1,-37.4,
"Garcin et al., 2014","Cameroon, Barombi Mbo",BARO PL5,Meliaceae,Trichilia cf. rubescens Oliv., E,RF,C3,Leaves,Ultrasonic,DCM/MeOH 9:1,,,,2.8,79,33,3.1,,-34.7,-35.1,-35.5,-35.1,
"Garcin et al., 2014","Cameroon, Debundscha",DEBU PL2,Meliaceae,Trichilia rubescens Oliv., E,RF,C3,Leaves,Ultrasonic,DCM/MeOH 9:1,,,,0.4,61,71,9.5,,,-40.2,-39.8,-36.7,
"Garcin et al., 2014","Cameroon, Ossa",OSSA PL5,Meliaceae,Trichilia rubescens Oliv., E,RF,C3,Leaves,Ultrasonic,DCM/MeOH 9:1,,,,0.3,3.3,7.3,5,,-34.8,-43.7,-45.1,-46.2,
"Garcin et al., 2014","Cameroon, Baleng",BALE PL1,Moraceae,Trilepisium madagascariensis DC., SD/E,RF,C3,Leaves,Ultrasonic,DCM/MeOH 9:1,,,,5.2,14,15,29,,-38.6,-37.9,-38.3,-39.4,
"Garcin et al., 2014","Cameroon, Barombi Mbo",BARO PL6,Moraceae,Trilepisium madagascariensis DC., SD/E,RF,C3,Leaves,Ultrasonic,DCM/MeOH 9:1,,,,0.4,25,82,36,,-36.7,-38.4,-38.8,-39,
"Garcin et al., 2014","Cameroon, Debundscha",DEBU PL5,Moraceae,Trilepisium madagascariensis DC., SD/E,RF,C3,Leaves,Ultrasonic,DCM/MeOH 9:1,,,,0.5,25,76,38,,-37.7,-38.5,-38.7,-39.3,
"Badewien et al., 2016 ",Angola,I,Apiaceae,,,SV,C3,Leaves,ASE ,DCM/MeOH 9:1,-12.4985,16.77568,,7.8,7.2,,,,,,,,
"Badewien et al., 2016 ",Angola,I,Asteraceae,,,SV,C3,Leaves,ASE ,DCM/MeOH 9:1,-12.50448,17.21135,,13.2,36,264.8,33.4,179.4,,,-37.64,-37.67,-37.733
"Badewien et al., 2016 ",Angola,II,Asteraceae,,,SV,C3,Leaves,ASE ,DCM/MeOH 9:1,-11.85,15.05,,23.6,68.3,44,7.1,,-34.104,-34.25,-34.65,,
"Badewien et al., 2016 ",Angola,III,Asteraceae,,,SV,C3,Leaves,ASE ,DCM/MeOH 9:1,-12.4985,16.77568,,33.5,8.3,11.6,8.7,,,,,,
"Badewien et al., 2016 ",Angola,IV,Asteraceae,Vernonia colorata Willd.,,SV,C3,Leaves,ASE ,DCM/MeOH 9:1,-9.73835,13.98575,,10.8,66,12.3,9,2.3,,-35.16,-35.19,,
"Badewien et al., 2016 ",Angola,V,Asteraceae,Vernonia sp.,,SV,C3,Leaves,ASE ,DCM/MeOH 9:1,-9.73835,13.98575,,10.7,65.6,21.8,47.9,11.7,,-36.58,,,
"Badewien et al., 2016 ",Angola,I,Capparaceae,Cleome sp.,,SV,C3,Leaves,ASE ,DCM/MeOH 9:1,-12.4985,16.77568,,7.9,13.1,56.5,28.4,,,,-37.72,-37.49,
"Badewien et al., 2016 ",Angola,I,Combretaceae,,,SV,C3,Leaves,ASE ,DCM/MeOH 9:1,-9.35445,13.54422,,16,769.4,453.7,4.2,4.7,,-36.32,-36.23,,
"Badewien et al., 2016 ",Angola,II,Combretaceae,Combretum paniculatumVent.,,SV,C3,Leaves,ASE ,DCM/MeOH 9:1,,,,8.7,174.2,143.7,14.6,,,,-35.66,-35.81,
"Badewien et al., 2016 ",Angola,III,Combretaceae,Terminalia brachystemma Welw. ex Hiern,,SV,C3,Leaves,ASE ,DCM/MeOH 9:1,,,,32.7,244,34.8,1,,-32.779,-31.13,-29.32,,
"Badewien et al., 2016 ",Angola,I,Commelinaceae,,,SV,C3,Leaves,ASE ,DCM/MeOH 9:1,-12.4985,16.77568,,29.7,58.3,222.9,12.5,14.2,,,-38.27,-39.16,
"Badewien et al., 2016 ",Angola,I,Crassulaceae,Crassula vaginata Eckl. & Zeyh.,,SV,C3,Leaves,ASE ,DCM/MeOH 9:1,-11.85,15.05,,4.3,9.6,71.6,194.8,42.5,,,-42.12,-43.21,-43.548
"Badewien et al., 2016 ",Angola,I,Euphorbiaceae,Acalypha sp.,,SV,C3,Leaves,ASE ,DCM/MeOH 9:1,-12.48203,17.10527,,0.6,2.3,4.5,1,,,-37.24,-38.07,,
"Badewien et al., 2016 ",Angola,II,Euphorbiaceae,Croton gratissimus Burch.,,SV,C3,Leaves,ASE ,DCM/MeOH 9:1,-9.73667,13.98575,,13.8,54.7,42.7,9.6,3.3,,-35.44,-35.35,,
"Badewien et al., 2016 ",Angola,III,Euphorbiaceae,Uapaca sansibarica Pax.,,SV,C3,Leaves,ASE ,DCM/MeOH 9:1,-11.83333,14.96667,,8.3,589.5,541.4,45.3,,,-36.61,-36.63,,
"Badewien et al., 2016 ",Angola,I,Fabaceae,,,SV,C3,Leaves,ASE ,DCM/MeOH 9:1,-12.4985,16.77568,,4.4,15.2,16.5,7.9,,,-34.21,-34.28,,
"Badewien et al., 2016 ",Angola,II,Fabaceae,,,SV,C3,Leaves,ASE ,DCM/MeOH 9:1,-12.48203,17.10527,,15.7,21.9,4.2,13.2,,-36.873,-37.09,-37.82,,
"Badewien et al., 2016 ",Angola,III,Fabaceae,,,SV,C3,Leaves,ASE ,DCM/MeOH 9:1,-12.46528,17.03698,,,7.5,9.2,1.6,,,-36.7,-38.74,,
"Badewien et al., 2016 ",Angola,IV,Fabaceae,,,SV,C3,Leaves,ASE ,DCM/MeOH 9:1,-12.5,16.9,,7.6,23.3,28.5,9,7.3,,,,,
"Badewien et al., 2016 ",Angola,V,Fabaceae,,,SV,C3,Leaves,ASE ,DCM/MeOH 9:1,-12.50448,17.21135,,25.1,38.4,26.2,6,,,,,,
"Badewien et al., 2016 ",Angola,VI,Fabaceae,,,SV,C3,Leaves,ASE ,DCM/MeOH 9:1,-12.16667,16.9,,3.1,13.2,29.6,5.4,,,-38.55,-39.13,,
"Badewien et al., 2016 ",Angola,VII,Fabaceae,,,SV,C3,Leaves,ASE ,DCM/MeOH 9:1,-11.85,15.05,,18.6,51.3,17.1,,,,-42.28,,,
"Badewien et al., 2016 ",Angola,VIII,Fabaceae,,,SV,C3,Leaves,ASE ,DCM/MeOH 9:1,-9.06667,16,,4,13.8,12.4,3.1,,,-34.65,-34.12,,
"Badewien et al., 2016 ",Angola,IX,Fabaceae,,,SV,C3,Leaves,ASE ,DCM/MeOH 9:1,-9.06667,16.61667,,15.6,664.9,295.9,24.4,4.4,,-35.62,-34.99,,
"Badewien et al., 2016 ",Angola,X,Fabaceae,Brachystegia sp.,,SV,C3,Leaves,ASE ,DCM/MeOH 9:1,-11.78265,14.88377,,36.7,11.8,18.9,,,-31.377,-30.37,,,
"Badewien et al., 2016 ",Angola,XI,Fabaceae,Brachystegia wangermeeana De Wild.,,SV,C3,Leaves,ASE ,DCM/MeOH 9:1,-12.50448,17.21135,,95.6,249.2,69.6,17,,,-30.58,-33.81,,
"Badewien et al., 2016 ",Angola,XII,Fabaceae,Pterocarpus tinctoria Welw.,,SV,C3,Leaves,ASE ,DCM/MeOH 9:1,-9.73667,13.74252,,17.6,9.8,131.3,19,,,-31.55,-31.69,,
"Badewien et al., 2016 ",Angola,XIII,Fabaceae,Rhynchosia sp.,,SV,C3,Leaves,ASE ,DCM/MeOH 9:1,-12.4985,16.77568,,8.9,38.8,66.9,15.5,,,-35.37,-36.27,,
"Badewien et al., 2016 ",Angola,XIV,Fabaceae,Tessmannia sp.,,SV,C3,Leaves,ASE ,DCM/MeOH 9:1,-9.75595,13.84585,,20.7,156.7,45.8,6.2,,,-32.57,,,
"Badewien et al., 2016 ",Angola,I,Melastomataceae,Dissotis sp.,,SV,C3,Leaves,ASE ,DCM/MeOH 9:1,-12.48203,17.10527,,11.8,63.2,379.4,365.4,8,,-34.09,-34.2,-33.84,
"Badewien et al., 2016 ",Angola,II,Melastomataceae,Dissotis sp.,,SV,C3,Leaves,ASE ,DCM/MeOH 9:1,-11.88263,15.22867,,31,85.8,762.1,513.1,3.7,,-36.21,-35.98,-35.3,
"Badewien et al., 2016 ",Angola,I,Pedaliaceae,Sesamum sp.,,SV,C3,Leaves,ASE ,DCM/MeOH 9:1,-9.38662,13.18228,,81.1,44.9,654.5,593.2,87.7,,-35.36,-35.43,-35.2,
"Badewien et al., 2016 ",Angola,I,Plumbaginaceae,,,SV,C3,Leaves,ASE ,DCM/MeOH 9:1,-11.88263,15.22867,,11.4,31.5,145.9,34.1,,,-34.23,-36.57,-34.35,
"Badewien et al., 2016 ",Angola,I,Proteaceae,Protea sp.,,SV,C3,Leaves,ASE ,DCM/MeOH 9:1,-12.4985,16.77568,,3.8,2.3,2.7,0.7,,-31.475,-32.07,-30.23,,
"Badewien et al., 2016 ",Angola,II,Proteaceae,Protea sp.,,SV,C3,Leaves,ASE ,DCM/MeOH 9:1,-9.06667,16.61667,,2.9,3.6,1.3,0.6,,,-33.4,,,
"Badewien et al., 2016 ",Angola,I,Ranunculaceae,Clematis villosa,,SV,C3,Leaves,ASE ,DCM/MeOH 9:1,-11.71667,14.45,,9.8,23.3,46,2.8,,-34.892,-32.73,-32.81,,
"Badewien et al., 2016 ",Angola,I,Rubiaceae,,,SV,C3,Leaves,ASE ,DCM/MeOH 9:1,-12.4985,16.77568,,66,1213.4,225,388.4,27.8,,-34.51,-34.99,-35.72,
"Badewien et al., 2016 ",Angola,I,Scrophulariaceae,Aptosimum lineare Marloth & Engl.,,SV,C3,Leaves,ASE ,DCM/MeOH 9:1,-9.73667,13.98575,,20.3,46.6,97.4,54.7,,,-34.26,-36.67,-37.25,
"Badewien et al., 2016 ",Angola,I,Thymelaeaceae,Gnidia chrysantha (Solms ex Schweinf. Gilg ,,SV,C3,Leaves,ASE ,DCM/MeOH 9:1,-12.46528,17.03698,,26.9,3.8,31.1,,,-36.523,-38.26,-38.87,,
"Badewien et al., 2016 ",Angola,I,Verbenaceae,Clerodendrum sp.,,SV,C3,Leaves,ASE ,DCM/MeOH 9:1,-9.38662,13.18228,,7.9,3.6,3.2,1,,,-34.65,,,
"Badewien et al., 2016 ",Angola,II,Verbenaceae,Stachytarpheta elegans Welw.,,SV,C3,Leaves,ASE ,DCM/MeOH 9:1,-9.38662,13.18228,,7.1,47.7,24.5,549.1,62.4,,,-35.63,-36.72,-37.495
"Badewien et al., 2016 ",Angola,I,Cyperaceae,,,GR,C4,Leaves,ASE ,DCM/MeOH 9:1,-12.48203,17.10527,,16.2,29.3,67.3,75.6,39.8,,,,,
"Badewien et al., 2016 ",Angola,II,Cyperaceae,,,GR,C4,Leaves,ASE ,DCM/MeOH 9:1,-12.48203,17.10527,,7.9,9.8,22.2,17,,,,-22.41,-21.61,
"Badewien et al., 2016 ",Angola,III,Cyperaceae,,,GR,C4,Leaves,ASE ,DCM/MeOH 9:1,-9.06667,16,,17.5,28.7,26.8,36.2,27,,,,,
"Badewien et al., 2016 ",Angola,I,Poaceae,,,GR,C4,Leaves,ASE ,DCM/MeOH 9:1,-12.48203,17.10527,,26.2,26.9,36.9,18.2,,,,,,
"Badewien et al., 2016 ",Angola,II,Poaceae,,,GR,C4,Leaves,ASE ,DCM/MeOH 9:1,-12.48203,17.10527,,6.2,11.7,48.4,23.8,9.1,,,-20.72,-20.47,
"Badewien et al., 2016 ",Angola,III,Poaceae,,,GR,C4,Leaves,ASE ,DCM/MeOH 9:1,-12.48203,17.10527,,12.1,33.4,73.1,36.2,19.5,,-25.79,-22.64,-21.95,
"Badewien et al., 2016 ",Angola,IV,Poaceae,,,GR,C4,Leaves,ASE ,DCM/MeOH 9:1,-12.50448,17.21135,,47.4,97.7,88.3,19.8,83.9,,-20.39,-21.27,-21.18,-20.895
"Badewien et al., 2016 ",Angola,V,Poaceae,,,GR,C4,Leaves,ASE ,DCM/MeOH 9:1,-11.85,15.05,,7.9,9.1,16,9.9,,,-26.16,-24.78,,
"Badewien et al., 2016 ",Angola,VI,Poaceae,,,GR,C4,Leaves,ASE ,DCM/MeOH 9:1,-11.85,15.05,,22.9,5.1,119.3,34.9,7.2,,-20.02,-19.94,-23.22,
"Badewien et al., 2016 ",Angola,VII,Poaceae,,,GR,C4,Leaves,ASE ,DCM/MeOH 9:1,-11.71667,14.45,,23.1,54.2,67.3,56.9,2.1,,-19.74,-20.05,-20.05,
"Badewien et al., 2016 ",Angola,VIII,Poaceae,,,GR,C4,Leaves,ASE ,DCM/MeOH 9:1,-12.4985,16.77568,,36.9,36.5,19,11.8,,-20.083,-21.94,-24.74,,
"Ali et al., 2005",Sudan,1,Malvaceae,Abutilon graveolens,,SV,C3,Whole Plant,Soxhlet,heptane,,,,19,43,37,14,4,,,,,
"Ali et al., 2005",Sudan,2,Malvaceae,Achyranthes aspera,,SV,C3,Whole Plant,Soxhlet,heptane,,,,6,14,38,98,8,,,,,
"Ali et al., 2005",Sudan,3,Malvaceae,Aristolochia bracteolata,,SV,C3,Whole Plant,Soxhlet,heptane,,,,8,18,7,7,3,,,,,
"Ali et al., 2005",Sudan,4,Malvaceae,Celosia argentea,,SV,C3,Whole Plant,Soxhlet,heptane,,,,33,48,131,143,27,,,,,
"Ali et al., 2005",Sudan,5,Malvaceae,Digera muricata,,SV,C3,Whole Plant,Soxhlet,heptane,,,,27,51,124,25,2,,,,,
"Ali et al., 2005",Sudan,6,Malvaceae,Heliotropium sp.,,SV,C3,Whole Plant,Soxhlet,heptane,,,,11,40,27,29,3,,,,,
"Ali et al., 2005",Sudan,7,Malvaceae,Ipomea cordofana,,SV,C3,Whole Plant,Soxhlet,heptane,,,,11,19,94,158,28,,,,,
"Ali et al., 2005",Sudan,8,Malvaceae,Ocimum basilicum,,SV,C3,Whole Plant,Soxhlet,heptane,,,,36,67,113,173,25,,,,,
"Ali et al., 2005",Sudan,9,Malvaceae,Phaseolus trilobus,,SV,C3,Whole Plant,Soxhlet,heptane,,,,50,113,236,106,6,,,,,
"Ali et al., 2005",Sudan,10,Malvaceae,Polycarpaea corymbosa,,SV,C3,Whole Plant,Soxhlet,heptane,,,,21,86,77,24,4,,,,,
"Ali et al., 2005",Sudan,11,Malvaceae,Stylosanthes guianensis,,SV,C3,Whole Plant,Soxhlet,heptane,,,,8,36,153,198,5,,,,,
"Ali et al., 2005",Sudan,12,Malvaceae,Vigna sp.,,SV,C3,Whole Plant,Soxhlet,heptane,,,,17,30,81,66,3,,,,,
"Ali et al., 2005",Sudan,13,Malvaceae,Xanthium brasilicum,,SV,C3,Whole Plant,Soxhlet,heptane,,,,34,71,48,15,4,,,,,
"Ali et al., 2005",Sudan,14,Poaceae,Cenchrus biflorus,,GR,C4,Whole Plant,Soxhlet,heptane,,,,15,27,67,60,15,,,,,
"Ali et al., 2005",Sudan,15,Poaceae,Cenchrus ciliaris (flowering),,GR,C4,Whole Plant,Soxhlet,heptane,,,,15,55,281,181,27,,,,,
"Ali et al., 2005",Sudan,16,Poaceae,Cenchrus ciliaris (maturity),,GR,C4,Whole Plant,Soxhlet,heptane,,,,8,26,152,114,21,,,,,
"Ali et al., 2005",Sudan,17,Poaceae,Chloris gayana,,GR,C4,Leaves,Soxhlet,heptane,,,,24,46,255,111,24,,,,,
"Ali et al., 2005",Sudan,18,Poaceae,Dactyloctenium aegyptium (flowering),,GR,C4,Whole Plant,Soxhlet,heptane,,,,34,50,96,75,12,,,,,
"Ali et al., 2005",Sudan,19,Poaceae,Dactyloctenium aegyptium (maturity),,GR,C4,Whole Plant,Soxhlet,heptane,,,,25,33,69,68,13,,,,,
"Ali et al., 2005",Sudan,20,Poaceae,Eragrostis tremula,,GR,C4,Whole Plant,Soxhlet,heptane,,,,25,64,272,138,16,,,,,
"Ali et al., 2005",Sudan,21,Poaceae,Hordeum vulgare,,SV,C3,stem and leaves,Soxhlet,heptane,,,,21,54,98,95,24,,,,,
"Ali et al., 2005",Sudan,22,Mimosaceae,Acacia mellifera,,SV,C3,Leaves,Soxhlet,heptane,,,,86,60,76,27,2,,,,,
"Ali et al., 2005",Sudan,23,Mimosaceae,Acacia senegal,,SV,C3,Leaves,Soxhlet,heptane,,,,27,104,70,22,5,,,,,
"Ali et al., 2005",Sudan,24,Balanitaceae,Balanites aegyptiaca,,SV,C3,Leaves,Soxhlet,heptane,,,,19,19,10,4,2,,,,,
"Ali et al., 2005",Sudan,25,Fabaceae,Ziziphus spinachristi,,SV,C3,Leaves,Soxhlet,heptane,,,,20,19,20,17,4,,,,,
"Kristen et al., 2010",South Africa,5,,Sclerocarya birrea,,SV,C3,Leaves,ASE ,DCM/MeOH 99:1,,,,477,1300,693,270,,,,,,
"Kristen et al., 2010",South Africa,6,,Acacia robusta,,SV,C3,Leaves,ASE ,DCM/MeOH 99:1,,,,25,85,64,16,,,,,,
"Kristen et al., 2010",South Africa,7,,Acacia tortilis,,SV,C3,Leaves,ASE ,DCM/MeOH 99:1,,,,212,1666,178,,,,,,,
"Kristen et al., 2010",South Africa,8,,Zizyphus mucronata,,SV,C3,Leaves,ASE ,DCM/MeOH 99:1,,,,70,23,,,,,,,,
"Kristen et al., 2010",South Africa,9,,Acacia karoo,,SV,C3,Leaves,ASE ,DCM/MeOH 99:1,,,,25,58,30,,,,,,,
"Kristen et al., 2010",South Africa,10,,Combretum apiculatum,,SV,C3,Leaves,ASE ,DCM/MeOH 99:1,,,,20,50,287,168,,,,,,
"Kristen et al., 2010",South Africa,11,,Typha angustifolia,,SV,C3,Leaves,ASE ,DCM/MeOH 99:1,,,,41,157,497,267,,,,,,
"Kristen et al., 2010",South Africa,12,Cyperaceae,,,GR,C4,Leaves,ASE ,DCM/MeOH 99:1,,,,7,12,,,,,,,,
"Kristen et al., 2010",South Africa,13,,Digitaria sp.,,GR,C4,Leaves,ASE ,DCM/MeOH 99:1,,,,371,282,204,439,200,,,,,
"Magill et al., 2019",Tanzania,,Poaceae,Chloris sp.,,GR,C4,Leaves,ASE ,DCM/MeOH 85:15,,,,,,,,,-20.3,-21.8,-20.1,-20.7,
"Magill et al., 2019",Tanzania,,Poaceae,Chloris sp.,,GR,C4,Leaves,ASE ,DCM/MeOH 85:15,,,,,,,,,-20.6,-20.0,-19.6,-20.1,
"Magill et al., 2019",Tanzania,,Poaceae,Chloris sp.,,GR,C4,Leaves,ASE ,DCM/MeOH 85:15,,,,,,,,,-21.0,-23.8,-22.4,-22.9,
"Magill et al., 2019",Tanzania,,Poaceae,Cynodon sp.,,GR,C4,Leaves,ASE ,DCM/MeOH 85:15,,,,,,,,,-20.1,-22.2,-21.2,-21.9,
"Magill et al., 2019",Tanzania,,Poaceae,Cynodon sp.,,GR,C4,Leaves,ASE ,DCM/MeOH 85:15,,,,,,,,,-19.8,-21.7,-20.1,-20.4,
"Magill et al., 2019",Tanzania,,Poaceae,Eragrostis sp.,,GR,C4,Leaves,ASE ,DCM/MeOH 85:15,,,,,,,,,-20.0,-22.8,-20.8,-21.4,
"Magill et al., 2019",Tanzania,,Poaceae,Eragrostis sp.,,GR,C4,Leaves,ASE ,DCM/MeOH 85:15,,,,,,,,,-19.9,-22.6,-20.8,-21.1,
"Magill et al., 2019",Tanzania,,Poaceae,Sporobolus sp.,,GR,C4,Leaves,ASE ,DCM/MeOH 85:15,,,,,,,,,-20.0,-22.2,-20.8,-21.2,
"Magill et al., 2019",Tanzania,,Poaceae,Sporobolus sp.,,GR,C4,Leaves,ASE ,DCM/MeOH 85:15,,,,,,,,,,,-20.6,-20.0,
"Magill et al., 2019",Tanzania,,Poaceae,Sporobolus sp.,,GR,C4,Leaves,ASE ,DCM/MeOH 85:15,,,,,,,,,-21.1,-23.0,-22.1,-22.3,
"Magill et al., 2019",Tanzania,,Poaceae,Sporobolus sp.,,GR,C4,Leaves,ASE ,DCM/MeOH 85:15,,,,,,,,,-21.0,-22.8,-22.1,-22.6,
"Magill et al., 2019",Tanzania,,Poaceae,Themeda triandra,,GR,C4,Leaves,ASE ,DCM/MeOH 85:15,,,,,,,,,-20.9,-22.7,-21.6,-22.0,
"Magill et al., 2019",Tanzania,,Poaceae,Brachiaria erucitormis,,GR,C4,Leaves,ASE ,DCM/MeOH 85:15,,,,,,,,,-21.9,-20.4,-20.9,-20.3,
"Magill et al., 2019",Tanzania,,Poaceae,Digitaria sp.,,GR,C4,Leaves,ASE ,DCM/MeOH 85:15,,,,,,,,,-21.9,-23.2,-22.7,-23.0,
"Magill et al., 2019",Tanzania,,Poaceae,Digitaria sp.,,GR,C4,Leaves,ASE ,DCM/MeOH 85:15,,,,,,,,,-21.5,-23.2,-22.5,-23.1,
"Magill et al., 2019",Tanzania,,Poaceae,Digitaria sp.,,GR,C4,Leaves,ASE ,DCM/MeOH 85:15,,,,,,,,,-19.2,-19.4,-20.0,-22.2,
"Magill et al., 2019",Tanzania,,Poaceae,Pennisetum sp.,,GR,C4,Leaves,ASE ,DCM/MeOH 85:15,,,,,,,,,-18.7,-21.3,-19.3,-19.6,
"Magill et al., 2019",Tanzania,,Poaceae,Pennisetum sp.,,GR,C4,Leaves,ASE ,DCM/MeOH 85:15,,,,,,,,,-20.8,-23.4,-21.9,-22.2,
"Magill et al., 2019",Tanzania,,Anacardiaceae,Sclerocarya birrea,,SV,C3,Leaves,ASE ,DCM/MeOH 85:15,,,,,,,,,-28.4,-28.7,-31.3,-34.8,
"Magill et al., 2019",Tanzania,,Burseraceae,Commiphora glaucescens,,SV,C3,Leaves,ASE ,DCM/MeOH 85:15,,,,,,,,,-30.4,-30.9,-30.1,-30.1,
"Magill et al., 2019",Tanzania,,Burseraceae,Commiphora merkeri,,SV,C3,Leaves,ASE ,DCM/MeOH 85:15,,,,,,,,,-36,-37.7,-37.7,-36.3,
"Magill et al., 2019",Tanzania,,Capparaceae,Boscia foetida,,SV,C3,Leaves,ASE ,DCM/MeOH 85:15,,,,,,,,,,-34.3,-30.9,-32.8,
"Magill et al., 2019",Tanzania,,Combretaceae,Combretum apiculatum,,SV,C3,Leaves,ASE ,DCM/MeOH 85:15,,,,,,,,,-28.9,-30.3,-32.4,-34.1,
"Magill et al., 2019",Tanzania,,Combretaceae,Combretum imberbe,,SV,C3,Leaves,ASE ,DCM/MeOH 85:15,,,,,,,,,-29.9,-32.1,-33.1,,
"Magill et al., 2019",Tanzania,,Combretaceae,Terminalia prunioides,,SV,C3,Leaves,ASE ,DCM/MeOH 85:15,,,,,,,,,-31.8,-33,-35.2,,
"Magill et al., 2019",Tanzania,,Fabaceae,Colophospermum mopane,,SV,C3,Leaves,ASE ,DCM/MeOH 85:15,,,,,,,,,-29.3,-30.1,-30.6,-30.9,
"Magill et al., 2019",Tanzania,,Fabaceae,Colophospermum mopane,,SV,C3,Leaves,ASE ,DCM/MeOH 85:15,,,,,,,,,,-31.9,-32.3,-30.4,
"Magill et al., 2019",Tanzania,,Fabaceae,Acacia robusta,,SV,C3,Leaves,ASE ,DCM/MeOH 85:15,,,,,,,,,-31.9,-33.8,-34.3,,
"Magill et al., 2019",Tanzania,,Fabaceae,Acacia senegal,,SV,C3,Leaves,ASE ,DCM/MeOH 85:15,,,,,,,,,-34.5,-32.3,-34.9,-35.2,
"Magill et al., 2019",Tanzania,,Fabaceae,Acacia tortillis,,SV,C3,Leaves,ASE ,DCM/MeOH 85:15,,,,,,,,,-34.7,-33.5,-35.4,,
"Magill et al., 2019",Tanzania,,Fabaceae,Leucaena leucocephala,,SV,C3,Leaves,ASE ,DCM/MeOH 85:15,,,,,,,,,-32.4,-34.9,-33.6,,
"Magill et al., 2019",Tanzania,,Loranthaceae,Tapinanthus sp.,,SV,C3,Leaves,ASE ,DCM/MeOH 85:15,,,,,,,,,-37.1,-37.3,-35.7,,
"Magill et al., 2019",Tanzania,,Malvaceae,Adansonia digitata,,SV,C3,Leaves,ASE ,DCM/MeOH 85:15,,,,,,,,,-35.3,-36.0,-36.0,-37.0,
"Magill et al., 2019",Tanzania,,Moraceae,Morus alba,,SV,C3,Leaves,ASE ,DCM/MeOH 85:15,,,,,,,,,-35.5,-35.5,-37.4,-38.1,
"Magill et al., 2019",Tanzania,,Rhamnaceae,Ziziphus mucronata,,SV,C3,Leaves,ASE ,DCM/MeOH 85:15,,,,,,,,,-32.6,-30.9,-33.8,-34.4,
"Magill et al., 2019",Tanzania,,Rhamnaceae,Ziziphus spinachristi,,SV,C3,Leaves,ASE ,DCM/MeOH 85:15,,,,,,,,,-32.3,-32.3,-35.0,-35.4,
"Magill et al., 2019",Tanzania,,Tamaricaceae,Tamarix usneoides,,SV,C3,Leaves,ASE ,DCM/MeOH 85:15,,,,,,,,,-28.9,-28.1,-27.4,,
"Magill et al., 2019",Tanzania,,Combretaceae,Terminalia brachystemma,,SV,C3,Leaves,ASE ,DCM/MeOH 85:15,,,,,,,,,-32.8,-31.1,-29.3,,
"Magill et al., 2019",Tanzania,,Cyperaceae,Cyperus denudatus,,SV,C3,Leaves,ASE ,DCM/MeOH 85:15,,,,,,,,,-32.4,-32.9,-32.8,-31.2,
"Magill et al., 2019",Tanzania,,Cyperaceae,Cyperus marginatus,,SV,C3,Leaves,ASE ,DCM/MeOH 85:15,,,,,,,,,-32.6,-32.7,-32.5,-30.9,
"Magill et al., 2019",Tanzania,,Cyperaceae,Cyperus sp.,,SV,C3,Leaves,ASE ,DCM/MeOH 85:15,,,,,,,,,,-34.6,-33.3,-33.6,
"Magill et al., 2019",Tanzania,,Cyperaceae,Cyperus sp.,,SV,C3,Leaves,ASE ,DCM/MeOH 85:15,,,,,,,,,-35.2,-36.3,-35.4,,
